galison-1997-IMAGE LOGIC MAT CULT---, galison-1998-IMAGE LOGIC MAT CULT---, galison-1999-IMAGE LOGIC MAT CULT---, galison-1997-IMAGE LOGIC--P689-
jasanoff-2015-DREAMSCAPES MODERNIT---, jasanoff-2015-DREAMSCAPES MODERNIT--P1-DOI 10.7208/CHICAGO/9780226276663.001.0001
jasanoff-2004-STATES KNOWLEDGE COP---, jasanoff-2004-STATES KNOWLEDGE COP--P1-DOI 10.4324/9780203413845, jasanoff-2005-STATES KNOWLEDGE COP---, jasanoff-2004-STATES KNOWLEDGE COP--P13-DOI 10.4324/9780203413845
haraway-1991-SIMIANS CYBORGS WOME---, haraway-1991-SIMIANS CYBORGS AND---, haraway-1991-SINIANS CYBORGS WOME---, haraway-1991-SIMIANS CYBORGS WOME--P189-
latour-1987-SCI ACTION FOLLOW SC---, latour-1987-SCI ACTION FOLLOW SC--P2-, latour-1987-SCI ACTION FOLLOW SC--P30-, latour-1987-SCI ACTIO FOLLOW SCI---, latour-1987-SCI ACTIONFOLLOW SCI---, latour-1989-SCI ACTION INTRO SOC---
latour-1993-WE HAVE NEVER NEEN M---, latour-1993-WE HAVE NEVER BEEN M---, latour-1988-WE HAVE NEVER BEEN M--P153-
porter-1996-TRUST NUMBERS PURSUI---, porter-1995-TRUST NUMBERS PURSUI---, porter-1999-TRUST NUMBERS PURSUI---, porter-1995-TRUST NUMBERS PURSUI--P73-, porter-1995-TRUST NUMBERS PURSUI--P224-
brown-2000-CONTESTED FUTURES SO--P3-, brown-2000-CONTESTED FUTURES SO---
massumi-2002-PARABLES VIRTUAL---, massumi-2002-PARABLES VIRTUAL MOV---
stengers-2010-COSMOPOLITICS-V1--, stengers-2010-COSMOPOLITICS---
oudshoorn-2003-USERS MATTER COCONST---, oudshoorn-2003-USERS MATTER COCONST--P1-, oudshoorn-2005-USERS MATTER COCONST---
bijker-1995-BICYCLES BAKELITES B---, bijker-1995-BICYCLES BAKELITE BU---, bijker-1997-BICYCLES BAKELITE BU---, bijker-1995-BICYCLES BAKELITES B--P273-, bijker-1995-BICYCLES BAKELITES B--P270-
callon-1986-MAPPING DYNAMICS SCI---, callon-1986-MAPPING DYNAMICS SCI--P19-, callon-1986-MAPPING DYNAMICS SCI--P19-DOI 10.1007/978-1-349-07408-2_2
petryna-2013-LIFE EXPOSED BIOL CI---, petryna-2002-LIFE EXPOSED BIOL CI---
mol-2010-CARE PRACTICE TINKER--P7-, mol-2010-CARE PRACTICE TINKER---
ranciere-2006-POLITICS AESTHETICS---, ranciere-2004-POLITICS AESTHETICS---
latour-1988-PASTEURIZATION FRANC---, latour-1998-PASTEURIZATION FRANC--P161-, latour-1988-PASTUERIZATION FRANC---, latour-1993-PASTEURIZATION FRANC---
mol-1994-SOC STUD SCI-V24-P641-DOI 10.1177/030631279402400402, mol-1994-SOC STUD SCI-V24-P661-
garfinkel-1967-STUDIES ETHNOMETHODO--P00186-, garfinkel-1967-STUDIES ETHNOMETHODO---, garfinkel-1984-STUDIES ETHOMETHODOL---, garfinkel-1989-STUDIES ETHNOMETHODO---, garfinkel-1967-STUD ETHNOMETHODOL--P18-
basalla-1988-EVOLUTION TECHNOLOGY---, basalla-1988-EVOLUTION TECHNOLOGY--P32-
hughes-1983-NETWORKS POWER ELECT---, hughes-1983-NETWORKS POWER ELECT--P404-
constant-1980-ORIGINS TURBOJET REV--P6-, constant-1980-ORIGINS TURBOJET REV---
mackenzie-1990-INVENTING ACCURACY H--P340-, mackenzie-1990-INVENTING ACCURACY H--P342-, mackenzie-1993-INVENTING ACCURACY H---, mackenzie-1990-INVENTING ACCURACY H---
staudenmaier-1989-TECHNOLOGYS STORYTEL---, staudenmaier-1985-TECHNOLOGYS STORYTEL--P41-, staudenmaier-1985-TECHNOLOGYS STORYTEL--P136-, staudenmaier-1985-TECHNOLOGYS STORYTEL---
habermas-1970-RATION SOC--P58-, habermas-1971-RATIONAL SOC--P81-, habermas-1970-RATION SOC--P62-
mackenzie-1981-STATISTICS BRITAIN 1---, mackenzie-1978-STATISTICS BRITAIN 1---
edwards-2009-J ASSOC INF SYST-V10-P6-, edwards-2009-J ASSOC INF SYST-V10-P364-DOI 10.17705/1jais.00200
bowker-2000-SORTING THINGS OUT C---, bowker-1999-SORTING THINGS OUT C---,bowker-1999-SORTING THINGS CLASS---
douglas-2003-PURITY DANGER ANAL C---, douglas-1966-PURITY DANGER ANAL C---, douglas-1966-PURITY DANGER---
kuhn-2012-STRUCTURE SCI REVOLU---, kuhn-1996-STRUCTURE SCI REVOLU---, kuhn-1970-STRUCTURE SCI REVOLU---, kuhn-1970-STRUCTURE SCI REVOLU--P44-, kuhn-1962-STRUCTURE SCI REVOLU---, kuhn-1970-STRUCTURE SCI REVOLU--P137-, kuhn-1970-STRUCTURE SCI REVOLU--P206-
shapin-2011-LEVIATHAN AIR PUMP H---, shapin-1985-LEVIATHAN AIR PUMP H---, shapin-1985-LEVIATHAN AIR PUMP H--P24-, shapin-1985-LEVIATHAN AIR PUMP H--P13-
world-2013-DECL HELS ETH PRINC---, world-2004-DECL HELS ETH PRINC---
foucault-1966-ORDER THINGS ARCHAEO---, foucault-1970-ORDER THINGS ARCHAEO---, foucault-1970-ORDER THINGS ARCHEOL---
deleuze-1980-1000 PLATEAUS CAPITA--P75-, deleuze-1987-1000 PLATEAUS CAPITA--P90-, deleuze-1987-1000 PLATEAUS CAPITA---
garfinkel-1981-PHILOS SOC SCI-V11-P131-DOI 10.1177/004839318101100202, garfinkel-1981-PHILOS SOCIAL SCI-V11-P137-, garfinkel-1981-PHILOS SOCIAL SCI-V11-P142-
lynch-1985-ART ARTIFACT LAB SCI---, lynch-1985-ART ARTIFACT LABORAT---, lynch-1985-ART ARTEFACT LABORAT---, lynch-1985-ART ARTIFACT LAB SCI--P74-
lynch-1983-SCI OBSERVED PERSPEC--P205-, lynch-1984-SCI OBSERVED PERSPEC--P205-, lynch-1983-SCI OBSERVED PERSPEC---
suchman-1987-PLANS SITUATED ACTIO---, suchman-2007-PLANS SITUATED ACTIO---
barnes-1996-SCI KNOWLEDGE SOCIOL---, barnes-1974-SCI KNOWLEDGE SOCIOL---, barnes-1974-SCI KNOWLEDGE SOCIOL--P41-
deleuze-1972-PROUST SIGNS---, deleuze-1996-PROUST SIGNES---
merleau-ponty-1945-PHENOMENOLOGY PERCEP---, merleau-ponty-2002-PHENOMENOLOGY PERCEP---
turnbull-2000-MASONS TRICKSTERS CA---, turnbull-2003-MASONS TRICKSTERS CA---
lynch-1990-REPRESENTATION SCI P---, lynch-1988-REPRESENTATION SCI P---, lynch-1990-REPRESENTATION SCI P--P153-
edwards-2011-SOC STUD SCI-V41-P407-, edwards-2011-SOC STUD SCI-V41-P667-DOI 10.1177/0306312711413314
knorr-1999-EPISTEMIC CULTURES S---, knorr-1999-EPISTEMIC CULTURES H---, knorr-1999-EPISTEMIC CULTURES---
leonelli-2010-WELL DO FACTS TRAVEL---, leonelli-2011-WELL DO FACTS TRAVEL--P325-
hacking-1983-REPRESENTING INTERVE---, hacking-1983-REPRESENTING INTERVE--P249-, hacking-1983-REPRESENTING INTERVE--P149-
das-1995-CRITICAL EVENTS ANTH---, das-1984-CRITICAL EVENTS ANTH---
bowker-2005-MEMORY PRACTICES SCI---, bowker-2006-MEMORY PRACTICES SCI---, bowker-2008-MEMORY PRACTICES IN---
centers-1981-MMWR Morb Mortal Wkly Rep-V30-P305-, centers-1981-MMWR Morb Mortal Wkly Rep-V30-P250-
collins-1985-CHANGING ORDER REPLI---, collins-1992-CHANGING ORDER REPLI---, collins-1985-CHANGING ORDER REPLI--P142-, collins-1985-CHANGING ORDER REPLI--P105-, collins-1985-CHANGING ORDER REPLI--P129-, collins-1985-CHANGING ORDER REPLI--P79-,collins--CHANGING ORDER REPLI---
gross-1990-RHETORIC SCI---, gross-1996-RHETORIC SCI--P119-, gross-1990-RHETORIC SCI--P74-
latour-1986-LAB LIFE CONSTRUCTIO---, latour-1979-LAB LIFE CONSTRUCTIO---, latour-1986-LAB LIFE CONSTRUCTIO--P49-, latour-1986-LAB LIFE CONSTRUCTIO--P45-
myers-1990-WRITING BIOL TEXTS S---, myers-1990-WRITING BIOL TEXTS S--P3-
kohler-1994-LORDS FLY DROSOPHILA---, kohler-1994-LORDS FLY DROSOPHILI---
gilbert-1984-OPENING PANDORAS BOX---, gilbert-1984-OPENING PANDORAS BOX--P1-, gilbert-1984-OPENING PANDORAS BOX--P187-
merton-1973-SOCIOLOGY SCI THEORE--P254-, merton-1973-SOCIOLOGY SCI THEORE---, merton-1973-SOCIOLOGY SCI THEORE--P497-, merton-1973-SOCIOLOGY SCI THEORE--P99-
shapin-2009-SCI LIFE MORAL HIST---, shapin-2008-SCI LIFE MORAL HIST---
traweek-1992-BEAMTIMES LIFETIMES---, traweek-1988-BEAMTIMES LIFETIMES---
blumer-1969-SYMBOLIC INTERACTION---, blumer-1967-SYMBOLIC INTERACTION---
pickering-1984-CONSTRUCTING QUARKS---, pickering-1984-CONSTRUCTING QUARKS--P413-
daston-2000-BIOGRAPHIES SCI OBJE---, daston-2002-BIOGRAPHIES SCI OBJE--P1-
hacking-2000-SOCIAL CONSTRUCTION---, hacking-1999-SOCIAL CONSTRUCTION---
akrich-1992-SHAPING TECHNOLOGY B--P205-, akrich-1992-SHAPING TECHNOLOGY B---, akrich-1994-SHAPING TECHNOLOGY B--P205-, akrich-1992-SHAPING TECHNOLOGYBU--P259-,akrich-1995-MANAGING TECHNOLOGY--P167-
burt-1992-STRUCTURAL HOLES THE---, burt-1992-STRUCTURAL HOLES SOC---
beaver-1978-Scientometrics-V1-P65-DOI 10.1007/BF02016840, beaver-1978-SCIENTOMETRICS-V1-P64-
kevles-1978-PHYSICISTS HIST SCI---, kevles-1995-PHYSICISTS HIST SCI---, kevles-1979-PHYSICISTS HIST SCI--P216-
merton-1976-SOCIOLOGICAL AMBIVAL--P32-, merton-1976-SOCIOLOGICAL AMBIVAL---
bazerman-1988-SHAPING WRITTEN KNOW---, bazerman-1988-SHAPING WRITTEN KNOW--P59-, bazerman-1988-SHAPING WRITTEN KNOW--P153-
cole-1984-ADV MOTIVATION ACHIE---, cole-1984-ADV MOTIVATION ACHIE-V2--
cole-1973-SOCIAL STRATIFICATIO---, cole-1973-SOCIAL STRATIFICATIO--P101-, cole-1973-SOCIAL STRATIFICATIO--P21-
jasanoff-2004-EARTHLY POLITICS LOC---, jasanoff-2004-EARTHLY POLITICS LOC--P31-
hackett-2001-DEGREES COMPROMISE I--P101-, hackett-2001-DEGREES COMPROMISE--P1-
mullins-1970-THEORIES THEORY GROU---, mullins-1973-THEORIES THEORY GROU---
collins-1985-CHANGIN ORDER---, collins-1985-CHANGING ORDER---, collins-1985-CHANGING ORDER--P159-
fleck-1979-GENESIS DEV SCI FACT---, fleck-1978-GENESIS DEV SCI FACT---
hagstrom-1965-SCI COMMUNITY---, hagstrom-1966-SCI COMMUNITY---, hagstrom-1965-CI COMMUNITY---,hagstrom-1965-SCIENTIFIC COMMUNITY---
kuhn-1977-ESSENTIAL TENSION---, kuhn-1977-ESSENTIAL TENSION SE---, kuhn-1977-ESSENTIAL TENSION SE--P182-
price-1986-LITTLE SCI BIG SCI---, price-1963-LITTLE SCI BIG SCI---
meadows-1974-COMMUNICATIONS SCI---, meadows-1974-COMMUNICATION SCI---
bijker-1987-SOCIAL CONSTRUCTION--P159-, bijker-1987-SOCIAL CONSTRUCTION---, bijker-1989-SOCIAL CONSTRUCTION---
star-1991-SOCIOLOGY MONSTERS E--P26-DOI 10.1111/J.1467-954X.1990.TB03347.X, star-1991-SOCIOLOGY MONSTERS E--P22-, star-1991-SOCIOLOGY MONSTERS E--P79-
bloor-1991-KNOWLEDGE SOCIAL IMA---, bloor-1976-KNOWLEDGE SOCIAL IMA---, bloor-1976-KNOWLEDGE SOCIAL IMA--P123-, bloor-1991-KNOWLEDGE SOCIAL IMA--P3-, bloor-1976-KNOWLEDGE SOCIAL IMA--P1-, bloor-1976-KNOWLEDGE SOCIAL IMA--P7-
merton-1970-SCI TECHNOLOGY SOC 1---, merton-1978-SCI TECHNOLOGY SOC 1---
strauss-1998-BASICS QUALITATIVE R---, strauss-1990-BASICS QUALITATIVE R---
rosenberg-1976-NO OTHER GODS SCI AM---, rosenberg-1976-NO OTHER GODS SCI AM--P135-, rosenberg-1976-NO OTHER GODS SCI AM--P25-,rosenberg--NO OTHER GODS--P71-
wynne-1996-MISUNDERSTANDING SCI---, wynne-1996-MISUNDERSTANDING SCI--P19-
lemaine-1976-PERSPECTIVES EMERGEN--P1-, lemaine-1976-PERSPECTIVES EMERGEN---
dear-1989-LIT STRUCTURE SCI AR---, dear-1991-LIT STRUCTURE SCI AR---
pinch-1986-CONFRONTING NATURE S--P156-, pinch-1986-CONFRONTING NATURE S--P2-, pinch-1985-CONFRONTING NATURE---, pinch-1986-CONFRONTING NATURE---
pinch-1977-SOCIAL PRODUCTION SC--P171-, pinch-1977-SOCIAL PRODUCTION SC-V1-P171-
cole-1978-METRIC SCI--P209-, cole-1977-METRIC SCI--P209-
hanson-1958-PATTERNS DISCOVERY I--P70-, hanson-1958-PATTERNS DISCOVERY---, hanson-1985-PATTERNS DISCOVERY---
laudan-1977-PROGR ITS PROBLEMS T--P151-, laudan-1977-PROGR ITS PROBLEMS T---, laudan-1977-PROGR ITS PROBLEMS---, laudan-1977-PROGR ITS PROBLEMS--P164-
balzer-1989-SOVIET SCI EDGE REFO---, balzer-1989-SOVIET SCI EDGE REFO--P88-, balzer-1989-SOVIET SCI EDGE REFO--P142-
latour-1979-LABORATORY LIFE SOCI---, latour-1986-LABORATORY LIFE SOCI---,latour-1979-LABORATORY LIFE---
*nat-1972-SCI IND 1972---, *nat-1973-SCI IND 1972---
ashmore-1989-REFLEXIVE THESIS---, ashmore-1989-REFLEXIVE THESIS WRI---
collins-1981-PHILOS SOC SCI-V11-P220-, collins-1981-PHILOS SOC SCI-V11-P215-DOI 10.1177/004839318101100207
kling-1978-SYMB INTERACT-V1-P132-, kling-1978-SYMB INTERACT-V1-P24-
latour-1980-SOCIAL PROCESS SCI I-V4-P64-, latour-1980-SOCIAL PROCESS SCI I-V4-P53-
barnes-1977-INTERESTS GROWTH KNO---, barnes-1976-INTERESTS GROWTH KNO---
crane-1972-INVISIBLE COLLEGES---, crane-1972-INVISIBLE COLLEGES D---,crane-1972-INVISIBLE COLL DIFFU---
mulkay-1975-SOCIOLOGY-V9-P187-DOI 10.1177/003803857500900201, mulkay-1975-SOCIOLOGY-V9-P195-, mulkay-1975-SOCIOLOGY-V9-P187-
merton-1961-P AM PHILOS SOC-V105-P370-, merton-1961-P AM PHILOS SOC-V105-P483-
holton-1973-THEMATIC ORIGINS SCI---, holton-1973-THEMATIC ORIGINS SCI--P397-, holton-1973-THEMATIC ORIGINS SCI--P275-
masterman-1970-CRITICISM GROW KNOWL--P59-DOI 10.1017/CBO9781139171434.008, masterman-1970-CRITICISM GROWTH KNO--P69-
whitley-1976-SOCIAL STUDIES SCI-V6-P484-, whitley-1976-SOCIAL STUDIES SCI-V6-P471-,whitley-1976-SOC STUD SCI-V6-P471-DOI 10.1177/030631277600600309
haraway-2008-SPECIES MEET---, haraway-2007-SPECIES MEET---
keller-1983-FEELING ORGANISM LIF---, keller-1984-FEELING ORGANISM LIF---
haas-2011-POLIT SCI ENVIRON--P125-, haas-2011-POLIT SCI ENVIRON--P1-
miller-2001-POLIT SCI ENVIRONM--P247-, miller-2001-POLIT SCI ENVIRONM--P167-
heritage-1984-GARFINKEL ETHNOMETHO---, heritage-1984-GARDFINKEL ETHNOMETH--P150-, heritage-2000-GARFINKEL ETHNOMETHO---
derrida-1976-GRAMMATOLOGY---, derrida-1983-GRAMMATOLOGIE--P244-
weisskopf-1978-COMMUNICATION   0310---, weisskopf-1978-COMMUNICATION   0302---
balazs-1995-SOC STUD SCI-V25-P613-DOI 10.1177/030631295025004002, balazs-1995-SOC STUD SCI-V25-P615-, balazs-1995-SOC STUD SCI-V25-P623-, balazs-1995-SOC STUD SCI-V25-P655-DOI 10.1177/030631295025004004
mayntz-1994-DTSCH FORSCHUNG EINI--P126-, mayntz-1994-DTSC FORSCHUNG EINIG---
olby-1974-PATH DOUBLE HELIX--P7-, olby-1975-PATH DOUBLE HELIX---
porter-1999-GREATEST BENEFIT MAN---, porter-1997-GREATEST BENEFIT MAN---
gieryn-1999-CULTURAL BOUNDARIES---, gieryn-1998-CULTURAL BOUNDARIES---
jay-1993-DOWNCAST EYES DENIGR---, jay-1994-DOWNCAST EYES DENIGR---
mitchell-2002-RULE EXPERTS EGYPT T--P19-, mitchell-2002-RULE EXPERTS EGYPT T---
latour-1979-LAB LIFE SOCIAL CONS---, latour-1979-LAB LIFE SOCIAL CONS--P42-, latour-1979-LAB LOFE SOCIAL CONS---
sacks-1992-LECT CONVERSATION-V1--, sacks-1992-LECT CONVERSATION-V1-P637-,sacks-1992-LECTURES CONVERSATIO-V1--
barad-2007-M UNIVERSE HALFWAY Q---, barad-2007-M UNIVERSE HALFWAY---
bennett-2010-VIBRANT MATTER APOLI---DOI 10.2307/j.ctv111jh6w, bennett-2010-VIBRANT MATTER A POL---
peirce-1998-ESSENTIAL PEIRCE-V2-P4-, peirce-1998-ESSENTIAL PEIRCE SEL-V2--
mol-2002-BODY MULTIPLE ONTOLO---, mol-2003-BODY MULTIPLE ONTOLO---
nedelsky-2011-LAWS RELATIONS RELAT---, nedelsky-2013-LAWS RELATIONS RELAT---
noddings-1982-CARING FEMININE APPR---, noddings-1984-CARING FEMININE APPR---
ruddick-1989-MATERNAL THINKING PO---, ruddick-1990-MATERNAL THINKING PO---
schon-1983-REFLECTIVE PRACTITIO---, schon-1984-REFLECTIVE PRACTITIO---
tronto-1994-MORAL BOUNDARIES POL---, tronto-1993-MORAL BOUNDARIES POL---
black-1962-MODELS METAPHORS STU---, black-1962-MODELS METAPHORS---
crewe-2005-LORDS PARLIAMENT MAN---, crewe-2005-LORDS PARLIAMENT---
goffman-1971-RELATIONS PUBLIC MIC---, goffman-1971-RELATIONS PUBLIC MIC--P28-, goffman-1971-RELATIONS PUBLIC--P118-
goffman-1959-PRESENTATION SELF EV---, goffman-1987-PRESENTATION SELF EV---
shapin-1994-SOCIAL HIST TRUTH CI---, shapin-1995-SOCIAL HIST TRUTH CI---,shapin--SOCIAL HIST TRUTH CI--P335-
beck-1992-RISK SOC NEW MODERNI-V17--, beck-1992-RISK SOC NEW MODERNI---
mackenzie-1993-INVENTING ACCURACY H---, mackenzie-1990-INVENTING ACCURACY H---
fisher-2008-MED REHIRE POLITIC---, fisher-2009-MED RES HIRE POLITIC---
jasanoff-2009-5 BRANCH SCI ADVISER---, jasanoff-1990-5 BRANCH SCI ADVISER---, jasanoff-1990-5 BRANCH SCI ADVISOR---, jasanoff-1990-5 BRANCH SCI ADVISER--P32-
hughes-1987-SOCIAL CONSTRUCTION---, hughes-1987-SOCIAL CONSTRUTION T---
mulkay-1983-SCI OBSERVED PERSPEC--P115-, mulkay-1983-SCI OBSERVED PERSPEC--P171-
gorman-2010-TRADING ZONES INT EX---, gorman-2010-TRADING ZONES INTERA---, gorman-2010-TRADING ZONES INTERA--P25-
clarke-1992-RIGHT TOOLS JOB WORK---, clarke-1992-RIGHT TOOLS JOB WORK--P3-
fujimura-1996-CRAFTING SCI SOCIOHI---, fujimura-1996-CRAFTING SCI SOCIOHI--P80-
hyysalo-2016-NEW PRODUCTION USERS---, hyysalo-2016-NEW PRODUCTION USERS-V1--
latour-1990-REPRESENTATION SCI P--P00019-, latour-1990-REPRESENTATION SCI P--P19-
mackenzie-2007-DO EC MAKE MARKETS P--P54-, mackenzie-2007-DO EC MAKE MARKETS P---
mackenzie-2006-ENGINE NOT CAMERA FI---, mackenzie-2008-ENGINE NOT CAMERA FI---
giddens-1979-CENTRAL PROBLEMS SOC---, giddens-1979-CENTRAL PROBLEMS SOC-V1--
gusterson-1996-NUCL RITES WEAPONS L---, gusterson-1996-NUCL RITES WEAPONS---
gieryn-1995-HDB SCI TECHNOLOGY S--P393-, gieryn-1995-HDB SCI TECHNOLOGY S---
cronon-1992-NATURES METROPOLIS C---, cronon-1991-NATURES METROPOLIS C---
danyi-2020-SOCIAL STUDIES SCI-V50--, danyi-2020-SOCIAL STUDIES OF SC-V50--
foucault-1995-DISCIPLINE PUNISH BI---, foucault-1995-DISCIPLINE PUNISH-V182-P197-, foucault-1979-DISCIPLINE PUNISH BI---
haraway-1997-MODEST WITNESS 2 MIL---, haraway-1997-MODES WITNESS 2 MILL---
latour-2005-MAKING THINGS PUBLIC--P1444-, latour-2005-MAKING THINGS PUBLIC--P4-, latour-2005-MAKING THINGS PUBLIC---
lynch-1993-SCI PRACTICE ORDINAR---, lynch-1993-SCI PRACTICE ORDINAR--P39-
bourdieu-1972-OUTLINE THEORY PRACT---, bourdieu-1977-OUTLINE THEORY PRACT---, bourdieu-1977-OUTLIEN THEORY PRACT---
cockburn-1993-GENDER TECHNOLOGY MA---, cockburn-1993-GENDER TECHNOLOGY MA--P8-
fleck-1988-7 ED PICT---, fleck-1988-4 ED PICT---
lave-1988-COGNITION PRACTICE---, lave-1988-COGNITION IN PRACTIC---, lave-1988-COGNITION PRACTICE M---
lie-1996-MAKING TECHNOLOGY OU---, lie-1996-MAKING TECHNOLOGY OU--P1-
silverstone-1992-CONSUMING TECHNOLOGI---, silverstone-1992-CONSUMING TECHNOLOGI--P3-, silverstone-1992-CONSUMING TECHNOLOGI---DOI 10.4324/9780203401491
woolgar-1991-SOCIOLOGY MONSTERS E---, woolgar-1991-SOCIOLOGY MONSTERS E--P58-
latour-2010-MAKING LAW ETHNOGRAP---, latour-2009-MAKING LAW ETHNOGRAP---
jasanoff-1995-SCI BAR LAW SCI TECH---, jasanoff-1995-SCI BAR LAW SCI TECH--P45-
aronowitz-2010-3 SHOTS PREVENTION H--P21-, aronowitz-2010-3 SHOTS PREVENTION H---
latour-1987-SCI ACTION---, latour-1987-SCI ACTION--P21-
shapin-1984-SOC STUD SCI-V14-P481-DOI 10.1177/030631284014004001, shapin-1984-SOC STUD SCI-V14-P510-
polanyi-2009-TACIT DIMENSION---, polanyi-1966-TACIT DIMENSION---
bateson-2000-STEPS ECOLOGY MIND---, bateson-1972-STEPS ECOLOGY MIND---
galison-1996-DISUNITY SCI BOUNDAR--P118-, galison-1996-DISUNITY SCI BOUNDAR--P119-, galison-1996-DISUNITY SCI BOUNDAR--P1-
pinch-1987-SOCIAL CONSTRUCTION--P17-DOI 10.1177/030631284014003004, pinch-1987-SOCIAL CONSTRUCTION--P23-, pinch-1987-SOCIAL CONSTRUCTION--P51-DOI 10.1177/030631289019001010
strathern-2005-PARTIAL CONNECTIONS---, strathern-2004-PARTIAL CONNECTIONS---
lopez-beltran-2011-GENES MESTIZOS GENOM---, lopez-beltran-2011-GENES MESTIZOS GENOM--P99-
haraway-2011-AUSTR HUMANITIES REV---, haraway-2011-AUST HUMANIT REV--P95-
thompson-2005-MAKING PARENTS ONTOL---, thompson-2007-MAKING PARENTS ONTOL---
rogers-1962-DIFFUSION INNOVATION---, rogers-1995-DIFFUSION INNOVATION---
leuenberger-2007-OSIRIS-V22-P180-DOI 10.1086/521748, leuenberger-2007-OSIRIS-V22--
bloor-1983-WITTGENSTEIN SOCIAL---, bloor-1983-WITTGENSTEIN SOCIAL--P137-, bloor-1983-WITTGENSTEIN SOCIAL--P183-
collins-1993-GOLEM WHAT EVERYONE---, collins-1993-GOLEM WHAT EVERYONE--P27-
daston-1998-WONDERS ORDER NATURE---, daston-1998-WONDERS ORDER NATURE--P215-
weber-1978-EC SOC OUTLINE INTER---, weber-1978-EC SOC OUTLINE INTER-V2-P956-
zelizer-1979-MORALS MARKETS DEV L---, zelizer-1983-MORALS MARKETS DEV L---
callon-1992-SCI PRACTICE CULTURE--P343-, callon-1992-SCI PRACT CULTURE--P343-
fuller-2002-SOCIAL EPISTEMOLOGY---, fuller-1988-SOCIAL EPISTEMOLOGY---
law-1991-SOCIOLOGY MONSTERS E---, law-1991-SOCIOLOGY MONSTERS E--P1-
law-1988-REPRESENTATION SCI P--P267-, law-1990-REPRESENTATION SCI P--P267-
guimaraes-1999-RACISMO ANTIRRACISMO--P34-, guimaraes-1999-RACISMO ANTIRACISMO--P34-
schramm-2012-IDENTITY POLITICS NE---, schramm-2012-IDENTITY POLITICS NE--P167-
rabinow-1999-FRENCH DNA TROUBLE P---, rabinow-2002-FRENCH DNA TROUBLE P---
law-2007-ACTOR NETWORK THEORY---, law-1999-ACTOR NETWORK THEORY---,law-1999-ACTOR NETWORK THEORY AND AFTER--P1-DOI 10.1111/j.1467-954X.1999.tb03479.x
starr-1982-SOCIAL TRANSFORMATIO---, starr-1982-SOCIAL TRANSFORMATIO--P335-, starr-1982-SOCIAL TRANSFORMATIO--P131-
berg-1997-RATIONALIZING MEDICA---, berg-1997-RATIONALIZING MED WO---
rossiter-1984-WOMEN SCI AM STRUGGL---, rossiter-1982-WOMEN SCI AM STRUGGL---
harding-1991-WHOSE SCI WHOSE KNOW--P138-, harding-1991-WHOSE SCI WHOSE KNOW---
heidegger-2010-BASIC WRITINGS---, heidegger-1993-BASIC WRITINGS--P311-
grosz-1994-VOLATILE BODIES TOWA---, grosz-1994-VOLATILE BODIES CORP---
cole-2002-SUSPECT IDENTITIES H---, cole-2001-SUSPECT IDENTITIES H---
latour-2001-PASTEUR GUERRE PAIX---, latour-1984-PASTEUR GUERRE PAIX---
bourdieu-1990-HOMOACADEMICUS---, bourdieu-1988-HOMOACADEMICUS---,bourdieu-1988-HOMOACADEMICUS--pXI-
cole-1992-MAKING SCI NATURE SO---, cole-1992-MAKING SCI NATURE SO--P111-
collins-1998-SOCIOLOGY PHILOS GLO---, collins-1998-SOCIOLOGY PHILOS---
vaughan-1996-CHALLENGER LAUNCH DE---, vaughan-1996-CHALLENGER LAUNCH DE--P238-
canguilhem-1989-NORMAL PATHOLOGICAL---, canguilhem-1978-NORMAL PATHOLOGICAL---
mirowski-2009-ROAD MONT PEELERIN M---, mirowski-2009-ROAD MONT PELERIN-V417-P426-
iliffe-2002-E AFRICAN DOCTORS HI---, iliffe-1998-E AFRICAN DOCTORS HI---
hughes-1989-AM GENESIS CENTURY I---, hughes-1989-AM GENESIS CENTURY I--P390-, hughes-1989-AM GENESIS CENTURY I--P383-
halfon-1998-SOC STUD SCI-V28-P801-DOI 10.1177/030631298028005006, halfon-1998-SOC STUD SCI--P812-
whitley-1984-INTELLECTUAL SOCIAL---, whitley-1984-INTELLECTUAL SOCIAL--P9-
oconnell-1993-SOC STUD SCI-V23-P129-DOI 10.1177/030631293023001005, oconnell-1993-SOC STUD SCI-V23-P158-
billig-1989-ARGUING THINKING RHE---, billig-1996-ARGUING THINKING---
kahn-1960-THERMONUCLEAR WAR---, kahn-1960-THERMONUCLEAR WAR--P162-
gregory-2000-THESIS U CALIFORNIA---, gregory-1999-THESIS U CALIFORNIA---
cicourel-1964-METHOD MEASUREMENT S---, cicourel-1963-METHOD MEASUREMENT S---
wise-1995-VALUES PRECISION--P352-, wise-1995-VALUES PRECISION--P6-
mannheim-1985-IDEOLOGY UTOPIA---, mannheim-1936-IDEOLOGY UTOPIA---
woolgar-1988-KNOWLEDGE REFLEXIVIT--P14-, woolgar-1988-KNOWLEDGE REFLEXIVIT---
weber-1919-MAX WEBER ESSAYS SOC--P129-DOI 10.1007/978-1-349-25249-7_17, weber-1958-M WEBER ESSAYS SOCIO--P245-
pickering-1993-AM J SOCIOL-V99-P959-, pickering-1993-AM J SOCIOL-V99-P567-
mackenzie-1985-SOCIAL SHAPING TECHN--P2-, mackenzie-1985-SOCIAL SHAPING TECHN--P4-
lynch-1991-ETHNOMETHODOLOGY HUM--P00077-, lynch-1991-ETHNOMETHODOLOGY HUM--P79-
nandy-1995-ALTERNATIVE SCI CREA---, nandy-1980-ALTERNATIVE SCI CREA---
latour-1995-COMMON KNOWL-V4-P144-, latour-1995-COMMON KNOWL-V4-P145-
whitehead-1926-SCI MODERN WORLD---, whitehead-1953-SCI MODERN WORLD---
gieryn-1989-PRIVATE SCI BIOTECHN--P219-, gieryn-1998-PRIVATE SCI BIOTECHN--P219-
kenney-1998-PRIVATE SCI BIOTECHN--P131-, kenney-1998-PRIVATE SCI BIOTECHN---
goodwin-1995-SOC STUD SCI-V25-P237-DOI 10.1177/030631295025002002, goodwin-1995-SOC STUD SCI-V25-P253-, goodwin-1995-SOC STUD SCI-V25-P261-
martin-1992-WOMAN BODY CULTURAL---, martin-1987-WOMAN BODY CULTURAL---
oudshoorn-1994-NATURAL BODY ARCHEOL---, oudshoorn-1994-NATURAL BODY ARCHAEO---, oudshoorn-1994-NATURAL BODY ARCHAEO--P82-
timmermans-1999-SUDDEND EATH MYTH CP---, timmermans-1999-SUDDENT DEATH MYTH C---
foucault-1973-BIRTH CLIN ARCHAEOLO---, foucault-1973-BIRTH CLIN ARCHEOLOG---
mackenzie-1996-KNOWING MACHINES ESS---, mackenzie-1991-KNOWING MACHINES ESS--P133-
turkle-1995-LIFE SCREEN IDENTITY---, turkle-1995-LIFE SCREEN IDENTITY--P12-
marcuse-1964-1 DIMENSIONAL MAN ST---, marcuse-1964-1 DIMENSIONAL MAN--P35310-
nelkin-1992-CONTROVERSY POLITICS---, nelkin-1979-CONTROVERSY POLITICS---
nelkin-1995-SELLING SCI PRESS CO---, nelkin-1987-SELLING SCI PRESS CO---, nelkin-1985-SELLING SCI PRESS CO---
bowker-1994-INFORM ACUMEN UNDERS--P231-, bowker-1994-INFORM ACUMEN UNDERS--P00187-
ornstein-1928-ROLE SCI SOC 17 CENT---, ornstein-1928-ROLE SCI SOC 17TH CE---
smith-2000-SOC STUD SCI-V30-P84-, smith-2000-SOC STUD SCI-V30-P73-DOI 10.1177/030631200030001003
gusfield-1963-SYMBOLIC CRUSADE STA---, gusfield-1963-SYMBOLIC CRUSADE---
irwin-1995-CITIZEN SCI STUDY PE--P133-, irwin-1995-CITIZEN SCI STUDY PE--P93-
ziman-1984-INTRO SCI STUDIES--P112-, ziman-1984-INTRO SCI STUDIES--P144-
garfinkel-1992-TEXT CONTEXT CONTRIB--P203-, garfinkel-1992-TEXT CONTEXT CONTRIB--P00175-
gieryn-1994-PERSPECTIVES SCI-V2-P325-, gieryn-1994-PERSPECTIVES SCI-V2-P324-
jasanoff-1995-SCI BAR--P57-, jasanoff-1997-SCI BAR--P114-
jordan-1992-TECHNOLOGY WORKING O--P160-, jordan-1983-TECHNOLOGY WORKING O--P162-
chubin-1990-PEERLESS SCI PEER RE---, chubin-1990-PERLESS SCI PEER REV---,chubin-1990-PEERLESS SCI---
collins-1979-SOCIOL REV MONOGR-V27-P237-, collins-1979-SOCIOL REV MONOGR-V27-P255-
mcbride-1994-KILLING MESSENGER AU---, mcbride-1994-KILLING MESSENGER---
richards-1991-VITAMIN C CANC MED P--P1-, richards-1991-VITAMIN C CANC MED P--P192-
wynne-1982-RATIONALITY RITUAL N---, wynne-1982-RATIONALITY RITUAL W---
star-1989-REGIONS MIND BRAIN R---, star-1989-REGINS MIND BRAIN RE--P15-
franklin-1997-EMBODIED PROGR CVULT---, franklin-1997-EMBODIED PROGR CULTU---
butler-1990-GENDER TROUBLE---, butler-1990-Gender Trouble---
button-1993-TECHNOLOGY WORKING O--P7-, button-1993-TECHNOLOGY WORKING O---, button-1992-TECHNOLOGY WORKING O---
grint-1995-GENDER TECHNOLOGY RE--P48-DOI 10.1177/016224399502000302, grint-1995-GENDER TECHNOLOGY RE---
husserl--CRISIS EUROPEAN SCI---, husserl-1970-CRISIS EUROPEAN SCI---
merton-1957-SOCIAL THEORY SOCIAL-V2--, merton-1957-SOCIAL THEORY SOCIAL---
polanyi-1908-PERSONAL KNOWLEDGE P---, polanyi-1964-PERSONAL KNOWLEDGE P---, polanyi-1958-PERSONAL KNOWLEDGE---
rorty-1979-PHILOS MIRROR NATURE--P318-, rorty-1979-PHILOS MIRROR NATURE---
woolgar-1988-SCI VERY IDEA---, woolgar-1988-SCI VERY IDEA--P53-
*oecd-1992-REV NAT SCI TECHN PO--P46-, *oecd-1992-REV NAT SCI TECHN PO---
simeonova-1995-SOC STUD SCI-V25-P755-DOI 10.1177/030631295025004008, simeonova-1995-SOC STUD SCI-V25-P762-
balazs-1994-EC SYSTEMS-V18-P281-, balazs-1994-EC SYSTEMS-V18-P282-, balazs-1994-EC SYSTEMS-V18-P299-
goldberg-1984-UNDERSTANDING RELATI--P275-, goldberg-1984-UNDERSTANDING RELATI--P241-
mayr-1982-GROWTH BIOL THOUGHT--P684-, mayr-1982-GROWTH BIOL THOUGHT---
hughes-1970-SOCIOLOGICAL EYE--P552-, hughes-1971-SOCIOLOGICAL EYE---
hardy-1948-MATH APOLOGY--P21-, hardy-1967-MATH APOLOGY---
pinch-1985-PHILOS SOC SCI-V15-P167-DOI 10.1177/004839318501500203, pinch-1985-PHILOS SOCIAL SCI-V15--
douglas-1973-NATURAL SYMBOLS---, douglas-1970-NATURAL SYMBOLS---,douglas-1973-NATURAL SYMBOLS EXPL---
eddington-1928-NATURE PHYSICAL WORL---, eddington-1929-NATURE PHYSICAL WORL---
toulmin-1977-DAEDALUS-V106-P150-, toulmin-1977-DAEDALUS-V106-P143-
shils-1971-INTELLECTUALS POWERS---, shils-1972-INTELLECTUALS POWERS---
flew-1975-CRIME DISEASE---, flew-1973-CRIME DISEASE---
feuer-1974-EINSTEIN GENERATIONS--P59-, feuer-1974-EINSTEIN GENERATIONS---
frank-1963-EINSTEIN HIS LIFE TI--P179-, frank-1947-EINSTEIN HIS LIFE TI--P215-
pepper-1942-WORLD HYPOTHESES---, pepper-1942-WORLD HYPOTHESES STU---
born-1971-BORNEINSTEIN LETT--P166-, born-1971-BORN EINSTEIN LETT--P82-
heisenberg-1971-PHYSICS BEYOND---, heisenberg-1971-PHYSICS BEYOND--P63-
wilson-1978-HUMAN NATURE---, wilson-1978-HUMAN NATURE--P10-
jasanoff-2005-DESIGNING NATURE SCI---, jasanoff-2005-DESIGNS NATURE SCI D---,jasanoff-2005-DESIGNS ON NATURE SC---
vaughan-1999-SOC STUD SCI-V29-P913-DOI 10.1177/030631299029006005, vaughan-1999-SOCIAL STUDIS SCI-V29-P913-
nelkin-1971-NUCL POWER ITS CRITI---, nelkin-1971-NUCLEAR POWER ITS CR---
braun-2010-POLITICAL MATTER TEC---, braun-2010-POLITICAL MATTER TEC--pix-
marx-2001-CAPITAL-V1--, marx-1978-CAPITAL-V1-P345-
foucault-1979-HIST SEXUALITY---, foucault-1990-HIST SEXUALITY-V0002--
law-2002-AIRCRAFT STORIES DEC---, law--AIRCRAFT STORIES---
latour-1999-PANDORAS HOPE ESSAYS---, latour-1999-PANDORAS HOPE---
barnes-1979-NATURAL ORDER---, barnes-1979-NATURAL ORDER HIST S---
foucault-1990-HIST SEXUALITY INTRO---,foucault-1990-HIST SEXUALITY-V1--
merton-1942-THE SOCIOLOGY OF SCI---,merton-1973-SOCIOLOGY SCI---,merton-1973-SOCIOL SCI--P497-
pickering-1992-SCI PRACTICE CULTURE--P429-,pickering-1992-SCI PRACTICE CULTURE--P168-,pickering-1992-SCI PRACTICE CULTURE---
sonnert-1995-WHO SUCCEEDS SCI GEN---,sonnert-1995-WHO SUCCEEDS IN SCIE---
nowotny-2001-RETHINKING SCI---,nowotny-2001-RETHINKING SCI KNOWL---
law-1994-ORG MODERNITY---,law-1994-ORGANISING MODERNITY---
douglas-1982-RISK CULTURE---,douglas-1982-RISK CULTURE ESSAY S---
watson-1968-DOUBLE HELIX---,watson-1968-DOUBLE HELIX PERSONA---
pinch-1981-SOCIAL STUDIES SCI-V11-P3-,pinch-1981-SOC STUD SCI-V11-P131-DOI 10.1177/030631278101100106
strauss--QUALITATIVE ANAL---,strauss-1987-QUALITATIVE ANAL SOC---
wilson-1978-SOCIOBIOLOGY DEBATE--P291-,wilson-1975-SOCIOBIOLOGY NEW SYN---
hargens-1978-SOCIAL FORCES-V57-P157-,hargens-1978-SOC FORCES-V57-P154-DOI 10.2307/2577631
sullivan-1977-SOC STUD SCI-V7-P223-DOI 10.1177/030631277700700205,sullivan-1980-SOC STUD SCI-V7-P182-
lynch-2008-TRUTH MACHINE THE CO---,lynch-2008-TRUTH MACHINE CONTEN---
mirowski-2010-SCIENCEMART TM RETHI---,mirowski-2010-SCIENCEMART---
pollner-1987-MUNDANE REASON---,pollner-1987-MUNDANE REASON REALI---
geertz-1983-LOCAL KNOWLEDGE FURT--P121-,geertz-1983-LOCAL KNOWLEDGE---
weick-1995-SENSEMAKING ORG--P63-,weick-1995-SENSEMAKING ORGANIZA---
lynch-1988-HUMAN STUDIES-V11--,lynch-1988-HUM STUD-V11-P201-
strauss-1978-NEGOTIATIONS---,strauss-1978-NEGOTIATIONS VARIETI---
latour-2004-POLITICS NATURE BRIN---,latour-2004-POLITICS NATURE---
star-1995-ECOLOGIES OF KNOWLED---,star-1995-ECOLOGIES KNOWLEDGE---
daemmrich-1998-SOCIAL STUDIES SCI-V28--,daemmrich-1998-SOC STUD SCI-V28-P741-DOI 10.1177/030631298028005004
turkle-1984-2ND SELF COMPUTERS H---,turkle--2 SELF COMPUTERS HUM--P84-
asdal-2020-SOCIAL STUDIES SCI-V50-pxxx-,asdal-2020-SOC STUD SCI-V50--
callon-1998-LAWS OF THE MARKETS--P1-DOI 10.1111/j.1467-954X.1998.tb03468.x,callon-1998-LAWS MARKETS---,callon-1998-LAWS OF THE MARKETS--P244-DOI 10.1111/j.1467-954X.1998.tb03477.x
scott-1998-SEEING STATE CERTAIN---,scott-1998-SEEING STATE---
crewe-2015-HOUSE COMMONS---,crewe-2015-HOUSE COMMONS ANTHR---
jasanoff-1995-HDB SCI TECHNOLOGY S--P361-DOI 10.4135/9781412990127.N17,jasanoff-1995-HDB SCI TECHNOLOGY S--P29-
evans-2010-AM J SOCIOL-V116-P389-DOI 10.1086/653834,evans-2010-AM J SOCIOL IN PRESS-V116--
ezrahi-1990-DESCENT ICARUS---,ezrahi-1990-DESCENT ICARUS SCI T---
polanyi-1951-LOGIC LIBERTY---,polanyi-1951-LOGIC LIBERTY REFLEC---
martin-2015-SOCIAL STUDIES SCI-V45--,martin-2015-SOC STUD SCI-V45-P625-DOI 10.1177/0306312715602073
michaels-2008-DOUBT THEIR PRODUCT---,michaels-2008-DOUBT IS THEIR PRODU---
law--IN PRESS AIRCRAFT ST---,law-2001-IN PRESS AIRCRAFT ST---
porter-1995-TRUST NUMBERS PURSUI--pviii-,porter-1995-TRUST NUMBERS PURSUI--pix-
barnes-1982-SCI CONTEXT--P70-,barnes-1982-SCI CONTEXT READINGS--P147-
bendavid-1971-SCI ROLE SOC--P45-,bendavid-1971-SCI ROLE SOC COMP ST--P82-
shapin--NATURAL ORDER--P125-,shapin-1979-NATURAL ORDER--P118-,shapin-1979-NATURAL ORDER HIST S--P41-
mulkay-1982-SOCIAL STUDIES SCI-V12-P585-,mulkay-1982-SOC STUD SCI-V12-P309-DOI 10.1177/030631282012002006
siu-2007-DO EC MAKE MARKETS P---DOI 10.1177/0170840605056393,callon-2005-ORGAN STUD-V26-P1229-DOI 10.1177/0170840605056393
gilbert-2014-CELL---,gilbert-2014-CELL-V159-P647-DOI 10.1016/j.cell.2014.09.029,gilbert-2013-CELL-V154-P442-DOI 10.1016/j.cell.2013.06.044
oprea-2018-NAT REV DRUG DISCOV-V17-P317-,oprea-2018-NAT REV DRUG DISCOV-V17-P377-DOI 10.1038/nrd.2018.52
cabili-2011-GENE DEV-V25-P1915-DOI 10.1101/gad.17446611,cabili-2011-GENES DEV---
kim--NAT MED-V16-P804-,kim-2010-NAT MED-V16-P804-DOI 10.1038/nm.2173
kuhn-1962-STRUCTURE SCI REVOLU---, kuhn-2012-STRUCTURE SCI REVOLU-V4--
merton-1973-SOCIOLOGY SCI THEORE---, merton-1973-SOCIOLOGY SCI THEORE--P286-
whitley-2010-RECONFIGURING KNOWLE---, whitley-2010-RECONFIGURING KNOWLE--P3-, whitley-2010-RECONFIGURING KNOWLEDGE PRODUCTION--P3-DOI 10.1093/acprof:oso/9780199590193.003.0001, whitley--RECONFIGURING KNOWLEDGE PRODUCTION--P291-DOI 10.1093/acprof:oso/9780199590193.001.0001
whitley-2014-RES SOCIOL ORGAN-RES-V42-P19-DOI 10.1108/S0733-558X20140000042000, whitley-2014-RES SOCIOL ORGAN-RES-V42-P1-, whitley-2014-RES SOCIOL ORGAN-RES-V42-P367-DOI 10.1108/S0733-558X20140000042012
glaser--HIST SOC RES-V40--, glaser-2015-HIST SOC RES-V40-P299-
whitley--SOCIAL PROCESSES SCI--P69-, whitley-1974-SOCIAL PROCESSES SCI--P69-
glaser-2013-FORUM QUALITATIVE SO-V14--DOI 10.1186/1471-2202-14-138, glaser-2013-FORUM QUALITATIVE SO--P14-, glaser-2013-FORUM QUALITATIVE SO-V14--
lam-2015-HUM RELAT-V68-P811-DOI 10.1177/0018726714545483, lam-2014-HUM RELAT-V68-P811-
kerlind-2005-HIGHER ED RES DEV-V24-P21-DOI 10.1080/0729436052000318550, akerlind-2005-HIGHER ED RES DEV-V24-P21-DOI 10.1080/0729436052000318550, �kerlind-2005-HIGHER EDUCATION RESEARCH & DEVELOPMENT-V24-P21-DOI 10.1080/0729436052000318550, a-2005-HIGHER EDUCATION RESEARCH & DEVELOPMENT-V24-P21-DOI 10.1080/0729436052000318550
whitley-2014-ORG TRANSFORMATION S--P1-, whitley-2014-ORG TRANSFORMATION S--P42-
zuckerman-1977-SCI ELITE NOBEL LAUR---, zuckerman-1977-SCI ELITE NOBEL LAUR--P9-
collins-1982-SCI CONTEXT READINGS--P94-, collins-1982-SCI CONTEXT READINGS--P44-
laudel-2001-INT J TECHNOL MANAGE-V22-P762-DOI 10.1504/IJTM.2001.002990, laudel-2001-INT J TECHNOL MANAGE--P22-
glaser-2006-EXPERTENINTERVIEWS Q-V2--, glaser-2004-EXPERTENINTERVIEWS Q---
cole-1978-PEER REV NATL SCI FD---, cole-1978-PEER REV NAT SCI FDN---
laudel-1999-INTERDISZIPLINARRE F---, laudel-1999-INTERDISZIPLINARE FO---
buechtemann-2001-DTSCH NACHWUCHSWISSE--P19-, buechtemann-2001-DTSCH NACHWUCHSWISSE---
glaser-2001-8 INT C SCI INF SYDN---, glaser-2001-P 8 INT C SCI INF SY-V1-P191-
braun-1998-RES POLICY-V27-P807-DOI 10.1016/S0048-7333(98)00092-4, braun-1998-RESEARCH POLICY-V27-P807-DOI 10.1016/s0048-7333(98)00092-4
giddens-1979-CENTRAL PROBLEMS SOC---, giddens-1979-CENTRAL PROBLEMS IN SOCIAL THEORY--P131-DOI 10.1007/978-1-349-16161-4_5
kuhn-1970-THE STRUCTURE OF SCIENTIFIC REVOLUTIONS---, kuhn-1962-THE STRUCTURE OF SCIENTIFIC REVOLUTIONS---
gl�ser-2010-EXPERTENINTERVIEWS UND QUALITATIVE INHALTSANALYSE--P111-DOI 10.1007/978-3-531-91538-8_4, gl�ser-2010-EXPERTENINTERVIEWS UND QUALITATIVE INHALTSANALYSE---DOI 10.1007/978-3-531-91538-8
laudel--FORUM QUALITATIVE SO-V14--DOI 10.17169/fqs-14.2.1886, gl�ser-2013-FORUM QUALITATIVE SOZIALFORSCHUNG / FORUM: QUALITATIVE SOCIAL RESEARCH-V14--DOI 10.17169/fqs-14.2.1886, gl�ser-2013-FORUM QUALITATIVE SOZIALFORSCHUNG/FORUM: QUALITATIVE SOCIAL RESEARCH-V14-P114-, gl�ser-2013-FORUM QUALITATIVE SOZIALFORSCHUNG / FORUM: QUALITATIVE SOCIAL RESEARCH-V14--
gl�ser-1996-ANWENDUNGSORIENTIERUNG VON GRUNDLAGENFORSCHUNG? ERFAHRUNGEN DER AKADEMIE DER WISSENSCHAFTEN DER DDR---, gl�ser-1996-ANWENDUNGSORIENTIERUNG VON GRUNDLAGENFORSCHUNG? ERFAHRUNGEN DER AKADEMIE DER WISSENSCHAFTEN DER DDR FRANKFURT AM: CAMPUS---
barley-1989-HDB CAREER THEORY--P41-DOI 10.1017/CBO9780511625459.005, barley-1989-HANDBOOK OF CAREER THEORY--P41-DOI 10.1017/cbo9780511625459.005
cambrosio-1988-SOC PROBL-V35-P244-DOI 10.1525/sp.1988.35.3.03a00040, cambrosio-1988-SOCIAL PROBLEMS-V35-P244-DOI 10.2307/800621
jonkers-2011-RES EVALUAT-V20-P411-DOI 10.3152/095820211X13176484436177, jonkers-2011-RESEARCH EVALUATION-V20-P411-DOI 10.3152/095820211x13176484436177
knorr-cetina-1999-EPISTEMIC CULTURES S---, knorr-cetina-1999-EPISTEMIC CULTURES---DOI 10.4159/9780674039681
laudel-2005-MINERVA-V43-P377-DOI 10.1007/s11024-005-2474-7, laude-2005-MINERVA-V43-P377-DOI 10.1007/s11024-005-2474-7
zubieta-2009-RES EVALUAT-V18-P105-DOI 10.3152/095820209X443446, zubieta-2009-RES EVAL-V18-P105-DOI 10.3152/095820209x443446
gl�ser-2015-HISTORICAL SOCIAL RESEARCH / HISTORISCHE SOZIALFORSCHUNG-V40-P299-DOI 10.12759/hsr.40.2015.3.299-330, gl�ser-2015-HISTORICAL SOCIAL RESEARCH -HISTORISCHE SOZIALFORSCHUNG-V40-P299-, gl�ser-2015-HISTORICAL SOCIAL RESEARCH / HISTORISCHE SOZIALFORSCHUNG-V40-P299-
laudel-2007-TECHNOLOGY & INNOVATION STUDIES-V3-P91-, laudel-2007-TECHNOLOGY & INNOVATION STUDIES-V3--
mayntz-1995-GESELLSCHAFTLICHE SELBSTREGELUNG UND POLITISCHE STEUERUNG--P39-, mayntz-1995-GESELLSCHAFTLICHE SELBSTREGELUNG UND POLITISCHE STEUERUNG FRANKFURT AM: CAMPUS--P39-, mayntz-1995-GESELLSCHAFTLICHE SELBSTREGELUNG UND POLITISCHE STEUERUNG FRANKFURT AM: CAMPUS--P9-, mayntz-1995-GESELLSCHAFTLICHE SELBSTREGELUNG UND POLITISCHE STEUERUNG (S--P9-
merton-1968-SOCIAL THEORY AND SOCIAL STRUCTURE--P39-, merton-1968-SOCIAL THEORY SOCIAL---, merton-1968-SOCIAL THEORY AND SOCIAL STRUCTURE--P475-, merton-1968-ROBERT MER TON (HRSG): SOCIAL THEORY AND SOCIAL STRUCTURE--P39-
miles-2014-QUALITATIVE DATA ANALYSIS: A METHODS SOURCEBOOK---, miles-1994-QUALITATIVE DATA ANALYSIS: AN EXPANDED SOURCEBOOK---, miles-1994-QUALITATIVE DATA ANALYSIS : AN EX PANDED SOURCEBOOK---
patton-2014-QUALITATIVE RESEARCH AND EVALUATION METHODS---, patton-2002-QUALITATIVE RESEARCH AND EVALUATION METHODS---, patton-2002-QUALITATIVE RESEARCH AND EVALUATION ME THODS---
strauss-1990-BASICS OF QUALITATIVE RESEARCH GROUNDED THEORY PROCEDURES AND TECHNIQUES---, strauss-1990-BASICS OF QUALITATIVE RESEARCH: GROUNDED THEORY PROCEDURES AND TE CHNIQUES---
kowal-2000-UWE FLICK ERNST VON KARDORFF & INES STEINKE (HRSG) QUALITATIVE FORSCHUNG--P437-, kowal-2007-UWE FLICK/ ERNST VON KARDORFFI'IN ES STEINKE (HRSG): QUALITATIVE FORSCHUNG REINBEK BEI HAMBURG: ROWOHLT--P437-
mariak-1998-ZUR KONSTRUKTION DES ORDENTLICHEN MENSCHEN: NORMIERUNGEN IN AUSBILDUNG UND BERUF FRANKFURT/M: VERLAG DER GESELLSCHAFT ZUR F�RDERUNG ARBEITSORIENTIERTER FORSCHUNG UND BILDUNG---, mariak-1998-ZUR KONSTRUKTION DES ORDENTLICHEN MENSCHEN: NORMIERUNGEN IN AUSBILDUNG UND BERUF FRANKFURT AM: VERLAG DER GESELLSCHAFT ZUR F�RDERUNG ARBEITSORIENTIERTER FORSCHUNG UND BILDUNG---
chubin-1976-THE SOCIOLOGICAL QUARTERLY-V17-P448-DOI 10.1111/j.1533-8525.1976.tb01715.x, chubin-1976-SOCIOLOGICAL Q-V17-P465-
crane-1972-INVISIBLE COLLEGES: DIFFUSION OF KNOWLEDGE IN SCIENTIFIC COMMUNITIES---, crane-1972-INVISIBLE COLLEGES: DIFF11SIO11 OF K11OWLEDGE I11 SCIENTIFIC COMM1111ITIES---, crane-1972-INVISIBLE COLLEGES: DIFFUSION OF KNOWLEDGE IN SCIENTIFIC COMMUNITICS---
gl�ser-2006-WISSENSCHAFTLICHE PRODUKTIONSGEMEINSCHAFTEN DIE SOZIALE ORDNUNG DER FORSCHUNG---, gl�ser-2006-WISSENSCHAFTLICH PRODUKTIONSGEMEINSCHAFTEN DIE SOZIALE ORDNUNG DER FORSCHUNG---, gl�ser--WISSENSCHAFTLICHE PRODUKTIONSGEMEINSCHAFTEN DIE SOZIALE ORDNUNG DER FORSCHUNG FRANKFURT AM MAIN: CAMPUS---
gl�ser-2016-SOCIOLOGY OF THE SCIENCES YEARBOOK--P25-DOI 10.1007/978-3-319-22683-5_2, glaser-2016-SOCIOL SCI YEARB-V29-P25-DOI 10.1007/978-3-319-22683-5_2
hollingsworth-2008-BIOMEDICINE IN THE TWENTIETH CENTURY: PRACTICES POLICIES AND POLITICS HRSG CAROLINE HANNAWAY--P317-, hollingsworth-2008-BIOMEDICINE IN THE TWENTIETH CENTURY: PRACTICES POLICIES AND POLITICS--P317-, hollingsworth-2008-BIOMEDICINE IN THE TWENTIETH CENTURY: PRACTICES POLICIES AND POLITICS---
latour-1986-LABORATORY LIFE: THE CONSTRUCTION OF SCIENTIFIC FACTS---, latour-1986-LABORATORY LIFE: THE CONSTRUCTION OF SCIENTIFI C FACTS---, latour-1986-LABORATORY LIFE: THE CO11STR11CTIO11 OFSCIMTI(IC FACTS---, latour-1986-LABORATORY LIFE: THE CONSTRUCTION OF SCICNTIFIC FACTS---, latour-1979-LABORATORY LIFE: THE CONSTRUCTION OF SCIENTIFIC FACTS---
neidhardt-1988-SELBSTSTEUERUNG IN DER FORSCHUNGSF�RDERUNG---DOI 10.1007/978-3-322-87530-3, neidhardt-1988-SELBSTEUERUNG IN DER FORSCHUNGSF�RDERUNG---, neidhardt-1988-SELBSTEUERUNG IN DER FORSCHUNGSF�RDERUNG-V2-P355-
weingart-2000-PRACTISING INTERDISCIPLINARITY--P25-DOI 10.3138/9781442678729-004, weingart-2000-PRACTISING INTERDISC---
whitley-2014-ORGANIZATIONAL TRANSFORMATION AND SCIENTIFIC CHANGE: THE IMPACT OF INSTITUTIONAL RESTRUCTURING ON UNIVERSITIES AND INTELLECTUAL INNOVATION--P19-DOI 10.1108/s0733-558x20140000042000, whitley-2014-ORGANIZATIONAL TRANSFORMATION AND SCIENTIFIC CHANGE: THE IMPACT OF INSTITUTIONAL RESTRUCTURING ON UNIVERSITIES AND INTELLECTUAL INNOVATION-V42-P367-DOI 10.1108/s0733-558x20140000042012
muller-2014-MINERVA-V52-P329-DOI 10.1007/s11024-014-9257-y, m�ller-2014-MINERVA-V52-P329-DOI 10.1007/s11024-014-9257-y
cozzens-1990-RES SYSTEM TRANSITIO---, cozzens-1990-THE RESEARCH SYSTEM IN TRANSITION--P103-DOI 10.1007/978-94-009-2091-0_8
krohn-1994-SCI PUBL POLICY-V21-P173-, krohn-1994-SCIENCE AND PUBLIC POLICY-V21-P173-DOI 10.1093/spp/21.3.173
meier-2010-RECONFIGURING KNOWLE--P211-DOI 10.1093/ACPROF:OSO/9780199590193.003.0007, meier-2010-RECONFIGURING KNOWLEDGE PRODUCTION--P211-DOI 10.1093/acprof:oso/9780199590193.003.0007
rip-1995-EUROPEAN REV-V3-P83-, rip-1995-EUROPEAN REVIEW-V3-P83-DOI 10.1017/s1062798700001368
collins-2004-GRAVITY'S SHADOW -THE SEARCH FOR GRAVITATIONAL WAVES---, collins-2004-GRAVITY'S SHADOW THE SEARCH FOR GRAVITATIONAL WAVES---
gl�ser-2015-NATURE AND CULTURE-V10-P303-DOI 10.3167/nc.2015.100304, glaser-2015-NAT CULT-V10-P303-DOI 10.3167/nc.2015.100304
knorr-cetina-1981-THE MANUFACTURE OF KNOWLEDGE--P1-DOI 10.1016/b978-0-08-025777-8.50009-8, knorr-cetina-1981-MANUFACTURE KNOWLEDG---
laudel-2014-ORGANIZATIONAL TRANSFORMATION AND SCIENTIFIC CHANGE: THE IMPACT OF INSTITUTIONAL RESTRUCTURING ON UNIVERSITIES AND INTELLECTUAL INNOVATION--P235-DOI 10.1108/s0733-558x20140000042008, laudel-2014-ORGANIZATIONAL TRANSFORMATION AND SCIENTIFIC CHANGE: THE IMPACT OF INSTITUTIONAL RESTRUCTURING ON UNIVERSITIES AND INTELLECTUAL INNOVATION-V42-P203-DOI 10.1108/s0733-558x20140000042007
gl�ser--ORGANIZATIONAL TRANSFORMATION AND SCIENTIFIC CHANGE: THE IMPACT OF INSTITUTIONAL RESTRUCTURING ON UNIVERSITIES AND INTELLECTUAL INNOVATION--P203-, gl�ser-2014-ORGANIZATIONAL TRANSFORMATION AND SCIENTIFIC CHANGE: THE IMPACT OF INSTITUTIONAL RESTRUCTURING ON UNIVERSITIES AND INTELLECTUAL INNOVATION--P297-DOI 10.1108/s0733-558x20140000042010
whitley-2000-THE INTELLECTUAL AND SOCIAL ORGANIZATION OF THE SCIENCES---, whitley-1984-THE INTELLECTUAL AND SOCIAL ORGANIZATION OF THE SCIENCES---
coole-2010-: NEW MATERIALISMS ONTOLOGY AGENCY AND POLITICS DURHAM---, coole-2010-NEW MATERIALISMS ONTOLOGY AGENCY AND POLITICS DURHAM---
knappett-2008-: MATERIAL AGENCY TOWARDS A NONANTHROPOCENTRIC APPROACH---, knappett-2008-MATERIAL AGENCY TOWARDS A NONANTHROPOCENTRIC APPROACH---
latour-1992-SHAPING TECHNOLOGY/ BUILDING SOCIETY: STUDIES IN SOCIOTECHNICAL CHANGE--P225-, latour-1992-SHAPING TECHNOLOGY/BUILDING SOCIETY: STUDIES IN SOCIOTECHNICAL CHANGE--P225-
ziewitz-2016-SCIENCE TECHNOLOGY & HUMAN VALUES-V41-P3-DOI 10.1177/0162243915608948, ziewitz-2016-GOVERNING ALGORITHMS SCIENCE TECHNOLOGY & HUMAN VALUES---
puljak-2009-RES EVALUAT-V18-P411-DOI 10.3152/095820209X483064, puljak-2009-RES EVAL-V18-P411-DOI 10.3152/095820209x483064
butler-2003-RES POLICY-V32-P143-DOI 10.1016/S0048-7333(02)00007-0, butler-2002-RESEARCH POLICY-V32-P143-DOI 10.1016/s0048-7333(02)00007-0
guston-1996-SCI PUBL POLICY-V23-P229-DOI 10.1093/SPP/23.4.229, guston-1996-SCIENCE AND PUBLIC POLICY-V23-P229-DOI 10.1093/spp/23.4.229
hackett-1987-SCI TECHNOLOGY STUDI-V5-P134-, hackett-1987-SCIENCE AND TECHNOLOGY STUDIES-V5-P134-
horrobin-1996-LANCET-V348-P1293-DOI 10.1016/S0140-6736(96)08029-4, horrobin-1996-THE LANCET-V348-P1293-DOI 10.1016/s0140-6736(96)08029-4
knorrcetina-1995-SOC STUD SCI-V25-P119-DOI 10.1177/030631295025001006, knorr-cetina-1995-SOC STUD SCI-V25-P119-DOI 10.1177/030631295025001006
knorrcetina-1982-SOC STUD SCI-V12-P101-DOI 10.1177/030631282012001005, knorr-cetina-1982-SOC STUD SCI-V12-P101-DOI 10.1177/030631282012001005
laudel-2006-SCI PUBL POLICY-V33-P489-DOI 10.3152/147154306781778777, laude-2006-SCI PUBLIC POLICY-V33-P489-DOI 10.3152/147154306781778777, laudel-2006-SCI PUBLIC POLICY-V33-P489-DOI 10.3152/147154306781778777
louvel-2010-RECONFIGURING KNOWLE--P184-DOI 10.1093/ACPROF:OSO/9780199590193.003.0006, louvel-2010-RECONFIGURING KNOWLEDGE PRODUCTION--P184-DOI 10.1093/acprof:oso/9780199590193.003.0006
mayntz-1998-RES POLICY-V27-P747-, mayntz-1998-RESEARCH POLICY-V27-P781-DOI 10.1016/s0048-7333(98)00090-0, mayntz-1998-RESEARCH POLICY-V27-P747-
morris-2002-RES POLICY-V31-P817-DOI 10.1016/S0048-7333(01)00149-4, morris-2002-RESEARCH POLICY-V31-P817-DOI 10.1016/s0048-7333(01)00149-4
paradeise-2009-HIGH EDUC DYNAM-V25-P197-, paradeise-2009-HIGHER EDUCATION DYNAMICS--P227-DOI 10.1007/978-1-4020-9515-3_10
van-1998-RES POLICY-V27-P397-DOI 10.1016/S0048-7333(98)00049-3, van-1998-RESEARCH POLICY-V27-P397-DOI 10.1016/s0048-7333(98)00049-3, van--RESEARCH POLICY-V27-P757-DOI 10.1016/s0048-7333(98)00088-2
westerheijden-2009-HIGH EDUC DYNAM-V25-P103-, westerheijden-2009-HIGHER EDUCATION DYNAMICS--P103-DOI 10.1007/978-1-4020-9515-3_5
cambrosio-1995-EXQUISITE SPECIFI CITY: THE MONOCLONAL ANTIBODY REVOLUTION---, cambrosio-1995-EXQUISITE SPECIFICITY: THE MONOCLONAL ANTIBODY REVOLUTION---, cambrosio-1995-EXQUISITE SPECI�CITY: THE MONOCLONAL ANTIBODY REVOLUTION---, cambrosio-1995-EXQUISITE SPECIFITY: THE MONOCLONAL ANTIBODY REVOLUTION---
griffi-2004-J PHYS B: AT MOL OPT PHYS-V37--DOI 10.1088/0953-4075/37/7/e02, griffin-2004-J PHYS B: AT MOL OPT PHYS-V37--DOI 10.1088/0953-4075/37/7/e02
knorr-1995-HANDBOOK OF SCIENCE AND TECHNOLOGY STUDIES--P140-DOI 10.4135/9781412990127.n7, knorr-cetina-1995-HANDBOOK OF SCIENCE AND TECHNOLOGY STUDIES--P140-DOI 10.4135/9781412990127.n7
whitley-1974-SOCIAL PROCESSES OF SCIENTIFI C DEVELOPMENT--P69-, whitley-1974-SOCIAL PROCESSES OF SCIENTIFIC DEVELOPMENT--P69-
collins-1992-SCI PRACTICE CULTURE--P301-, collins-1992-SCIENCE AS PRACTICE AND CULTURE--P301-, collins-1992-SCIENCE AS PRACTICE AND CULTURE--P369-
knorr-cetina-1993-GRUNDFRAGEN ETHNOLOG--P167-, knorr-cetina-1980-GRUNDFRAGEN DER ETHNOLOGIE---
latour-1987-SCI ACTION---, latour-1987-SCIENCE IN ACTION---
latour-1988-PASTEURIZATION FRANC---, latour-1988-THE PASTEURIZATION OF FRANCE---
woolgar-1988-SCI VERY IDEA---, woolgar-1988-SCIENCE: THE VERY IDEA---
pickering-1992-SCIENCE AS PRACTICE AND CULTURE--P1-, pickering-1992-SCIENCE AS PRACTICE AND CULTURE--P139-
gl�ser-2007-SOCIOLOGY OF THE SCIENCES YEARBOOK--P245-DOI 10.1007/978-1-4020-6746-4_12, gla�ser-2007-SOCIOLOGY OF THE SCIENCES YEARBOOK--P245-DOI 10.1007/978-1-4020-6746-4_12
lynch-1985-ART AND ARTIFACT IN LABORATORY SCIENCE: A STUDY OF SHOP WORK AND SHOP TALK IN A RESEARCH LABORATORY---, lynch-1985-ART AND ARTIFI1CT IN LAHORATORY SCIENCE: A STUDY OF SHOP WORK AND SHOP TALK IN A RESEARCH LABORATORY---
nagi-1972-SOCIAL CONTEXT RES-V1-P22-, nagi-1972-THE SOCIAL CONTEXT OF RESEARCH--P1-, nagi-1972-THE SOCIAL CONTEXTS OFRESEARCH--P1-
gla�ser-2009-PROCEEDINGS OF THE 12TH INTERNATIONAL SOCIETY FOR SCIENTOMETRICS AND INFORMETRICS (ISSI'09)---, gla�ser-2009-PROCEEDINGS OF THE 12TH INTERNATIONAL SOCIETY FOR SCIENTOMETRICS AND INFORMETRICS (ISSI'09) (PP 841�845)---
pickering-1995-THE MANGLE OF PRACTICE TIME AGENCY AND SCIENCE---, pickering-1995-THE MANGLE OF PRACTICE: TIME AGENCY AND SCIENCE---
marginson-2000-THE ENTERPRISE UNIVERSITY: POWER GOVERNANCE AND REINVENTION IN AUSTRALIA---, marginson-2000-THE ENTERPRISE UNVERSITY: POWER GOVERNANCE AND REINVENTION IN AUSTRALIA---
van-2007-SOCIOLOGY OF THE SCIENCES YEARBOOK--P191-DOI 10.1007/978-1-4020-6746-4_9, meulen-2007-SOCIOLOGY OF THE SCIENCES YEARBOOK--P191-DOI 10.1007/978-1-4020-6746-4_9
pelz-1966-SCIENTISTS IN ORGANIZATIONS PRODUCTIVE CLIMATES FOR RESEARCH AND DEVELOPMENT---, pelz-1966-SCIENTISTS I11 ORGANIZATIONS PRODUCTIVE CLIMATES FOR RESEARCH A11D DEVELOPMENT---, pelz-1966-SCICNTISTS IN ORGANIZATIONS PRODUCTIVE CLIMATES FIIR RESEARCH AND DEVELOPMENT---
gl�ser-2010-EXPERTENINTERVIEWS UND QUALITATIVE INHALTSANALYSE ALS INSTRUMENTE REKONSTRUIERENDER UNTERSUCHUNGEN---, gl�ser-2006-EXPERTENINTERVIEWS UND QUALITATIVE INHALTSANALYSE ALS INSTRUMENTE REKONSTRUIERENDER UNTERSUCHUNGEN 2 AUT1AGE---, gl�ser-2006-EXPERTENINTERVIEWS UND QUALITATIVE INHALTSANALYSE ALS INSTRUMENTE REKONSTRUIERENDER UNTERSUCHUNGEN---, gl�ser-2004-EXPERTENINTERVIEWS UND QUALITATIVE INHALTSANALYSE ALS INSTRUMENTE REKONSTRUIERENDER UNTERSUCHUNGEN---
glaser-1967-THE DISCOVERY OF GROUNDED THEORY: STRATEGIES FOR QUALITATIVE RESEARCH---, glaser-1967-THE DISCOVERY OF GROUNDED THEORY STRATEGIES FOR QUALITATIVE RESEARCH---
kelle-1994-EMPIRISCH BEGR�NDETE THEORIEBILDUNG: ZUR LOGIK UND METHODOLOGIE QUALITATIVER SOZIALFORSCHUNG---, kelle-1994-EMPIRISCH BEGR�NDETE THEORIEBILDUNG: ZUR LOGIK UND METHODOLOGIE IN TERPRETATIVER SOZIALFORSCHUNG---, kelle-1994-EMPIRISCH BEGR�NDETE THEORIEBILDUNG ZUR LOGIK UND METHODOLOGIE INTERPRETATIVER SOZIALFORSCHUNG---
mayring-2010-HANDBUCH QUALITATIVE FORSCHUNG IN DER PSYCHOLOGIE--P601-DOI 10.1007/978-3-531-92052-8_42, mayring-1985-HANDBUCH QUALITATIVE FORSCHUNG IN DER PSYCHOLOGIE--P495-DOI 10.1007/978-3-658-26887-9_52
gl�ser-2001-IJTM-V22-P698-DOI 10.1504/ijtm.2001.002987, gla-2001-IJTM-V22-P698-DOI 10.1504/ijtm.2001.002987
gl�ser-2009-PROCEEDINGS OF THE 12TH INTERNATIONAL SOCIETY FOR SCIENTOMETRICS AND INFORMETRICS (ISSI'09)--P841-, gl�ser-2009-PROCEEDINGS OF THE 12TH INTERNATIONAL CONFERENCE ON SCIENTOMETRICS AND INFORMETRICS--P14-
stephan-2001-POPULATION RESEARCH AND POLICY REVIEW-V20-P59-DOI 10.1023/a:1010682017950, stephan-2001-POPUL RES POLICY REV-V20-P59-DOI 10.1023/A:1010682017950, stephan-2001-POPULATION RES POLIC-V20-P569-
[anonymous]--THE INTELLECTUAL AND SOCIAL ORGANIZATION OF THE SCIENCES---, [anonymous]-2000-THE INTELLECTUAL AND SOCIAL ORGANIZATION OF THE SCIENCES---
berger-1967-THE SOCIAL CONSTRUCTION OF REALITY (HARMONDSWORTH: PENGUIN)---, berger-1967-THE SOCIAL CONSTRUCTION OF REALITY---
hagstrom-1965-THE SCIENTI�C COMMUNITY---, hagstrom-1965-THE SCIENTIFIC COMM11NITY---, hagstrom-1965-THE SCIENTIFIC COMMUNITY CARBONDALE---, hagstrom-1975-SCI COMMUNITY---, hagstrom-1975-THE SCIENTIFIC COMMUNITY---
henkel-2000-ACADEMIC LDENTITIES AND POLICY CHANGE IN HIGHER EDUCATION---, henkel-2000-ACADEMIC IDENTITIES AND POLICY CHANGE IN HIGHER EDUCATION---
patton-2002-QUALITATIVE EVALUATION AND RESEARCH METHODS---, patton-1990-QUALITATIVE EVALUATION AND RESEARCH ME THODS---, patton-1990-QUALITATIVE EVALUATION AND RESEARCH METHODS---
[anonymous]-2007-SCIENCE AND TRAINING---, [anonymous]-2005-SCIENCE AND TRAINING---
gla-2006-WISSENSCHAFTLICHE PRODUKTIONSGEMEINSCHAFTEN: DIE SOZIALE ORDNUNG DER FORSCHUNG (FRANKFURT A M: CAMPUS)---, gla-2006-WISSENSCHAFTLICHE PRODUKTIONSGEMEINSCHAFTEN DIE SOZIALE ORDNUNG DER FORSCHUNG---
phillimore-1989-RESEARCH POLICY-V18-P255-DOI 10.1016/0048-7333(89)90053-x, phillimore-1989-RES POLICY-V18-P255-DOI 10.1016/0048-7333(89)90053-X
laudel-2005-RES EVAL-V14-P27-DOI 10.3152/147154405781776300, laude-2005-RES EVAL-V14-P27-DOI 10.3152/147154405781776300
bazeley-2003-HIGH EDUC-V45-P257-DOI 10.1023/A:1022698529612, bazeley-2003-HIGHER EDUCATION-V45-P257-DOI 10.1023/a:1022698529612
grbich-1998-HIGH EDUC-V36-P67-DOI 10.1023/A:1003104311001, grbich-1998-HIGHER EDUCATION-V36-P67-DOI 10.1023/a:1003104311001
meinefeld-1995-REALITAT KONSTRUKTIO---, meinefeld-1995-REALIT�T UND KONSTRUKTION---DOI 10.1007/978-3-663-11243-3
gl�ser-2002-IMPACT OF EVALUATION-BASED FUNDING ON THE PRODUCTION OF SCIENTIFIC KNOWLEDGE: WHAT TO WORRY ABOUT AND HOW TO FIND OUT EXPERTISE F�R DAS BMBF---, gl�ser-2002-IMPACT OF EVALUATION-BASED FUNDING ON THE PRODUCTION OF SCIENTIFIC KNOWLEDGE: WHAT TO WORRY ABOUT AND HOW TO FIND OUT (EXPERTISE F�R DAS BMBF)---
laudel-1999-INTERDISZIPLIN�RE FORSCHUNGSKOOPERATION: ERFOLGSBEDINGUNGEN DER INSTITUTION 'SONDERFORSCHUNGSBEREICH---, laudel-1999-INTERDISZIPLIN�RE FORSCHUNGSKOOPERATION ERFOLGSBEDINGUNGEN DER INSTITUTION 'SONDERFORSCHUNGSBEREICH' BERLIN: EDITION SIGMA---
rubin-1995-QUALITATIVE INTERVIEWING (2ND ED): THE ART OF HEARING DATA---DOI 10.4135/9781452226651, rubin-1995-QUALITATIVE INTERVIEWING THE ART OF HE ARING DA TA---
gl�ser-2005-RES EVAL-V14-P186-DOI 10.3152/147154405781776085, glaser-2005-RES EVALUAT-V14-P186-DOI 10.3152/147154405781776085
leydesdorff-1996-EASST REVIEW-V15-P20-, leydesdorff-1996-EASST REV-V15-P20-
macroberts-1989-J AM SOC INF SCI-V40-P342-DOI 10.1002/(sici)1097-4571(198909)40:5<342::aid-asi7>3.0.co;2-u, macroberts-1989-J AM SOC INFORM SCI-V40-P342-DOI 10.1002/(SICI)1097-4571(198909)40:5<342::AID-ASI7>3.0.CO;2-U
van-2002-RESEARCH POLICY-V31-P611-DOI 10.1016/s0048-7333(01)00129-9, van-2002-RES POLICY-V31-P611-DOI 10.1016/S0048-7333(01)00129-9
hoffmann-riem-1980-K�LNER ZEITSCHRIFTF�R SOZIOLOGIE UND SOZIALPSYCHOLOGIE-V32-P325-, hoffmann-riem-1980-K�LNER ZEITSCHRIFT F�R SOZIOLOGIE UND SOZIALPSYCHOLOGIE-V32-P325-
kleining-1982-K�L NER ZEITSCHRI FTF�R SOZIOLOGIE UND SOZIALPSYCHOLOGIE-V34-P224-, kleining-1982-K�LNER ZEITSCHRIFT F�R SOZIOLOGIE UND SOZIALPSYCHOLOGIE-V34-P224-
krohn-1989-DIE SELBSTORGANISATION DER WISSENSCHQFT FRANKFURT AM: SUHRKAMP---, krohn-1989-DIE SELBSTORGANISATION DER WISSENSCHAFT FRANKFURT AM: SUHRKAMP---
mayring-2007-BELTZ VERLAG]: QUALITATIVE INHALTSANALYSE GRUNDLAGEN UND TE CHNIKEN---, mayring-1993-QUALITATIVE INHALTSANALYSE GRUNDLAGEN UND TECHNIKEN---, mayring-1993-QUALITATIVE INHALTSANALYSE: GRUNDLAGEN UND TECHNIKEN 4 AUFLAGE---
seidman-1991-IN TERVIEWING AS QUALITATIVE RESEARCH: A GUIDE FO R RESEARCHERS IN EDUCATION AND THE SOCIAL SEIENCES---, seidman-1991-INTERVIEWING AS QUALITATIVE RESEARCH: A GUIDE FOR RESEARCHERS IN EDUCATION AND THE SOCIAL SCIENCES---, seidman-2006-IN TERVIEWING AS QUALITATIVE RESEARCH: A GUIDE FO R RESEARCHERS IN EDUCATION AND THE SOCIAL SCIENCES---
gl�ser-1998-KOGNITIVE NEUORIENTIERUNG DER OSTDEUTSCHEN AU�ERUNIVERSIT�REN GRUNDLAGENFORSCHUNG ALS FOLGE DES INSTITUTIONENTRANSFERS DISCUSSION PAPER P98-402---, gl�ser-1998-KOGNITIVE NEUORIENTIERUNG DER OSTDEUTSCHEN AU�ERUNIVERSIT�REN GRUNDLAGENFORSCHUNG ALS FOLGE DES INSTITUTIONENTRANSFERS---, gl�ser-1998-KOGNITIVE NEUORIENTIERUNG DER OSTDEUTSCHEN AU�ERUNIVERSIT�REN GRUNDLAGENFORSCHUNG ALS FOLGE DES INSTITUTIONENTRANSFERS WZB DISCUSSION PAPER 98-402---
scott-2017-SOCIAL NETWORK ANAL---, scott-1991-SOCIAL NETWORK ANALYSIS A HANDBOOK---
katz-1997-RES POLICY-V26-P1-DOI 10.1016/S0048-7333(96)00917-1, katz-1997-RESEARCH POLICY-V26-P1-DOI 10.1016/s0048-7333(96)00917-1
patel-1973-SOC SCI INFORM-V12-P77-, patel-1973-SOCIAL SCIENCE INFORMATION-V12-P77-DOI 10.1177/053901847301200604
mayntz-1994-DEUTSCHE FORSCHUNG IM EINIGUNGSPROZE�: DIE TRANSFORMATION DER AKADEMIE DER WISSENSCHAFTEN DER DDR 1989 BIS 1992---, mayntz-1994-DEUTSCHE FORSCHUNG IM EINIGUNGSPROZE� DIE TRANSFORMATION DER AKADEMIE DER WISSENSCHAFTEN DER DDR 1989 BIS 1992---
alter-1993-ORG WORKING TOGETHER---, alter-1993-ORGANIZATIONS WORKING TOGETHER---
krige-1993-DENATIONALIZING SCI---, krige-1993-DENATIONALIZING SCIENCE--P233-DOI 10.1007/978-94-017-1221-7_9
quintas-1995-RES POLICY-V24-P325-DOI 10.1016/0048-7333(93)00769-P, quintas-1995-RESEARCH POLICY-V24-P325-DOI 10.1016/0048-7333(93)00769-p
gl�ser-1999-THEORIEGELEITETE TEXTANALYSE? DAS POTENTIAL EINER VARIABLENORIENTIERTEN QUALITATIVEN INHALTSANALYSE WZB DISCUSSION PAPER---, gl�ser-1999-THEORIEGELEITETE TEXTANALYSE? DAS POTENTIAL EINER VARIABLENORIENTIERTEN QUALITATIVEN INHALTSANALYSE DISCUSSION PAPER P 99-401 BERLIN: WISSENSCHAFTSZENTRUM BERLIN F�R SOZIALFORSCHUNG---
hasse-1994-KONSTRUKTIVISMUS UND SOZIALTHEORIE FRANKFURT A M: SUHRKAMP--P220-, hasse-1994-KONSTRUKTIVISMUS UND SOZIALTHEORIE FRANKFURT AM: SUHRKAMP--P220-
heckhausen-1987-�INTERDISZIPLIN�RE FORSCHUNG� ZWISCHEN INTRA- MULTI-UND CHIM�REN-DISZIPLINARIT�T IN: J�RGEN KOCKA (HRSG): INTERDISZIPLINARIT�T PRAXIS -HERAUSFORDERUNG -IDEOLOGIE FRANKFURT AM: SUHRKAMP--P129-, heckhausen-1987-J�RGEN KOCKA (HRSG): INTERDISZIPLINARIT�T PRAXIS -HERAUSFORDERUNG -IDEOLOGIE FRANKFURT AM: SUHRKAMP--P129-
hentig-1987-POLYPHEM ODER ARGOS? IN: J�RGEN KOCKA (HRSG): INTERDISZIPLINARIT�T PRAXIS -HERAUSFORDERUNG -IDEOLOGIE FRANKFURT AM: SUHRKAMP--P34-, hentig-1987-KOCKA J�RGEN (HRSG): INTERDISZIPLINARIT�T PRAXIS -HERAUSFORDERUNG -IDEOLOGIE FRANKFURT AM: SUHRKAMP--P34-
